{
  "best_J_multi": 29.24433749435634,
  "best_trial": 45,
  "weights": {
    "Q_phi": [
      8.162027969039535,
      14.637024048825841,
      12.34099472504985
    ],
    "Q_ec": [
      24.64527360796923,
      4.929576437214563,
      17.180345848207352
    ],
    "Q_el": [
      19.323836637106606,
      2.869112300459488,
      7.262156747453096
    ],
    "U_mat": [
      0.007752456352937614,
      91.52633856252281,
      435.8075644741547,
      449.6351324919468
    ],
    "Q_omega": [
      0.1089463587347752,
      0.23115850422481193,
      0.2690095720970024
    ],
    "Q_s": 0.5963683183894022
  },
  "flat_params": {
    "Q_phix": 8.162027969039535,
    "Q_phiy": 14.637024048825841,
    "Q_phiz": 12.34099472504985,
    "Q_ecx": 24.64527360796923,
    "Q_ecy": 4.929576437214563,
    "Q_ecz": 17.180345848207352,
    "Q_elx": 19.323836637106606,
    "Q_ely": 2.869112300459488,
    "Q_elz": 7.262156747453096,
    "U_T": 0.007752456352937614,
    "U_tx": 91.52633856252281,
    "U_ty": 435.8075644741547,
    "U_tz": 449.6351324919468,
    "Q_wx": 0.1089463587347752,
    "Q_wy": 0.23115850422481193,
    "Q_wz": 0.2690095720970024,
    "Q_s": 0.5963683183894022
  },
  "user_attrs": {
    "J_multi": 29.24433749435634,
    "wall_time": 9.213660955429077,
    "J_v5": 6.979898281551728,
    "path_v5": 0.9998191748090425,
    "vtheta_v5": 3.5808342215297646,
    "rmse_c_v5": 0.27804055426576885,
    "J_v10": 23.742908314199333,
    "path_v10": 0.9997876780885848,
    "vtheta_v10": 7.396348316198358,
    "rmse_c_v10": 0.4577016912067595,
    "J_v16": 57.01020588731796,
    "path_v16": 0.9998075908850108,
    "vtheta_v16": 11.036041097916256,
    "rmse_c_v16": 0.2721831365336996
  },
  "objective_info": {
    "type": "MEAN over velocities of (dq_mpcc_cost + completion + time + vel + isotropy + contour)",
    "strategy": "multi-velocity",
    "TUNING_VELOCITIES": [
      5,
      10,
      16
    ],
    "W_INCOMPLETE": 1000.0,
    "W_TIME": 0.5,
    "W_VEL": 2.0,
    "W_ISOTROPY": 0.3,
    "W_CONTOUR": 3.0,
    "FREC": 100
  }
}