{
  "best_J": 155.0520909727899,
  "best_trial": 1,
  "weights": {
    "Q_phi": [
      1.6124278458562613,
      0.9860942908083906,
      0.4678719265016201
    ],
    "Q_ec": [
      8.012737503998538,
      1.6071238512039876,
      2.701052774960547
    ],
    "Q_el": [
      2.2408705759398253,
      3.235425596639436,
      12.448918446337812
    ],
    "U_mat": [
      0.014402084889402762,
      104.688479215741,
      134.64493568065967,
      23.22549003905153
    ],
    "Q_omega": [
      0.2500224047333955,
      0.024682044079890133,
      0.014115155493448345
    ],
    "Q_s": 2.52126790477792
  },
  "flat_params": {
    "Q_phix": 1.6124278458562613,
    "Q_phiy": 0.9860942908083906,
    "Q_phiz": 0.4678719265016201,
    "Q_ecx": 8.012737503998538,
    "Q_ecy": 1.6071238512039876,
    "Q_ecz": 2.701052774960547,
    "Q_elx": 2.2408705759398253,
    "Q_ely": 3.235425596639436,
    "Q_elz": 12.448918446337812,
    "U_T": 0.014402084889402762,
    "U_tx": 104.688479215741,
    "U_ty": 134.64493568065967,
    "U_tz": 23.22549003905153,
    "Q_wx": 0.2500224047333955,
    "Q_wy": 0.024682044079890133,
    "Q_wz": 0.014115155493448345,
    "Q_s": 2.52126790477792
  },
  "user_attrs": {
    "mean_mpcc_cost": 155.0520909727899,
    "total_mpcc_cost": 89930.21276421814,
    "rmse_contorno": 0.6389782792243535,
    "rmse_lag": 0.7325822003779516,
    "mean_effort": 1391.5649177190085,
    "path_completed": 0.9998452647171572,
    "wall_time": 2.948409080505371
  },
  "objective_info": {
    "type": "mean_dq_mpcc_cost + completion_penalty",
    "W_INCOMPLETE": 1000.0
  }
}