{
  "best_J_multi": 22.179672445067414,
  "best_trial": 87,
  "weights": {
    "Q_phi": [
      2.043287184439576,
      13.372364599755707,
      0.6571587126901631
    ],
    "Q_ec": [
      12.598105468469319,
      3.777969151847432,
      3.3410980401536166
    ],
    "Q_el": [
      2.32336746505148,
      16.75639691546697,
      1.0119359868077427
    ],
    "U_mat": [
      0.00883036003668909,
      24.124142732497422,
      72.86548918704212,
      32.67238988214993
    ],
    "Q_omega": [
      0.03951996239989822,
      0.032459290238729205,
      0.045319866820168864
    ],
    "Q_s": 0.503816052969886
  },
  "flat_params": {
    "Q_phix": 2.043287184439576,
    "Q_phiy": 13.372364599755707,
    "Q_phiz": 0.6571587126901631,
    "Q_ecx": 12.598105468469319,
    "Q_ecy": 3.777969151847432,
    "Q_ecz": 3.3410980401536166,
    "Q_elx": 2.32336746505148,
    "Q_ely": 16.75639691546697,
    "Q_elz": 1.0119359868077427,
    "U_T": 0.00883036003668909,
    "U_tx": 24.124142732497422,
    "U_ty": 72.86548918704212,
    "U_tz": 32.67238988214993,
    "Q_wx": 0.03951996239989822,
    "Q_wy": 0.032459290238729205,
    "Q_wz": 0.045319866820168864,
    "Q_s": 0.503816052969886
  },
  "user_attrs": {
    "J_multi": 22.179672445067414,
    "wall_time": 9.782862663269043,
    "J_v5": 4.335543001516973,
    "path_v5": 0.9997884250982509,
    "vtheta_v5": 3.9691185225296772,
    "rmse_c_v5": 0.1678392863696519,
    "J_v10": 15.836239303120156,
    "path_v10": 0.9998032519840117,
    "vtheta_v10": 7.357328802940894,
    "rmse_c_v10": 0.27779636718648176,
    "J_v16": 46.36723503056512,
    "path_v16": 0.9997936233526262,
    "vtheta_v16": 10.64174810334745,
    "rmse_c_v16": 0.3294269677145287
  },
  "objective_info": {
    "type": "MEAN over velocities of (dq_mpcc_cost + completion + time + vel + isotropy + contour)",
    "strategy": "multi-velocity",
    "TUNING_VELOCITIES": [
      5,
      10,
      16
    ],
    "W_INCOMPLETE": 1000.0,
    "W_TIME": 0.5,
    "W_VEL": 2.0,
    "W_ISOTROPY": 0.3,
    "W_CONTOUR": 3.0,
    "FREC": 100
  }
}