{
  "best_J_multi": 0.6332490142947494,
  "best_trial": 95,
  "weights": {
    "Q_phi": [
      0.7081014109424095,
      0.8598434332040799,
      1.4702352944562231
    ],
    "Q_ec": [
      30.183658710166263,
      32.672592684385734,
      48.85307257722888
    ],
    "Q_el": [
      3.991648816408312,
      3.23911324879276,
      3.685416315928789
    ],
    "U_mat": [
      0.04645426692894986,
      75.57352106331494,
      65.23045741961164,
      67.79264093626341
    ],
    "Q_omega": [
      0.020421458136923042,
      0.01922456386058774,
      0.09384298453331993
    ],
    "Q_s": 8.267439767536139
  },
  "flat_params": {
    "Q_phi0": 0.7081014109424095,
    "Q_phi1": 0.8598434332040799,
    "Q_phi2": 1.4702352944562231,
    "Q_ec0": 30.183658710166263,
    "Q_ec1": 32.672592684385734,
    "Q_ec2": 48.85307257722888,
    "Q_el0": 3.991648816408312,
    "Q_el1": 3.23911324879276,
    "Q_el2": 3.685416315928789,
    "U_mat0": 0.04645426692894986,
    "U_mat1": 75.57352106331494,
    "U_mat2": 65.23045741961164,
    "U_mat3": 67.79264093626341,
    "Q_omega0": 0.020421458136923042,
    "Q_omega1": 0.01922456386058774,
    "Q_omega2": 0.09384298453331993,
    "Q_s": 8.267439767536139
  },
  "objective_info": {
    "type": "MEAN over velocities of baseline-normalised contour/lag/effective-speed objective",
    "strategy": "local-refinement",
    "base_weights": {
      "Q_phi": [
        0.65,
        0.65,
        1.9
      ],
      "Q_ec": [
        40,
        40,
        40
      ],
      "Q_el": [
        3,
        3,
        3
      ],
      "U_mat": [
        0.05,
        70,
        70,
        70
      ],
      "Q_omega": [
        0.02,
        0.02,
        0.1
      ],
      "Q_s": 11.0
    },
    "W_CONTOUR_LOCAL": 1.5,
    "W_LAG_LOCAL": 0.35,
    "W_EFF_SPEED": 0.8,
    "W_INCOMPLETE": 1000.0,
    "W_FAIL": 500.0,
    "reference_by_velocity": {
      "5": {
        "rmse_contorno": 0.299353795778036,
        "rmse_lag": 0.3839292309731865,
        "mean_vtheta": 1.5936024771014772,
        "mean_vpath_ratio": 0.793085681675486,
        "effective_speed": 1.2638633068717682
      },
      "10": {
        "rmse_contorno": 0.34629825610652726,
        "rmse_lag": 0.5069432157186777,
        "mean_vtheta": 1.5936025172594763,
        "mean_vpath_ratio": 0.6854013554351472,
        "effective_speed": 1.0922573253545076
      },
      "16": {
        "rmse_contorno": 0.34629825610500065,
        "rmse_lag": 0.5069432158087078,
        "mean_vtheta": 1.5936025169992885,
        "mean_vpath_ratio": 0.6854013556983143,
        "effective_speed": 1.0922573255955583
      }
    }
  },
  "comparison_vs_manual": {
    "base": {
      "rmse_contorno": 0.3462982561030501,
      "rmse_lag": 0.5069432157937531,
      "mean_vtheta": 1.5936025170247872,
      "mean_vpath_ratio": 0.6854013556741289,
      "effective_speed": 1.0922573255744932,
      "mean_effort": 255.96877439570468,
      "path_completed": 0.9999998488085803,
      "solver_fail_ratio": 0.0
    },
    "refined": {
      "rmse_contorno": 0.28871572293170067,
      "rmse_lag": 0.32073814602662354,
      "mean_vtheta": 1.5936026862670565,
      "mean_vpath_ratio": 0.764040418011712,
      "effective_speed": 1.217576862560069,
      "mean_effort": 232.9081037231151,
      "path_completed": 0.9999999529403673,
      "solver_fail_ratio": 0.0
    },
    "improvement_percent": {
      "rmse_contorno": 16.6280170796512,
      "rmse_lag": 36.73095209994605,
      "effective_speed": 11.473444402825276,
      "mean_vpath_ratio": 11.473432564229084,
      "path_completed": 1.0413180271483076e-05
    }
  }
}