{
  "config": {
    "P0": [
      0.0,
      0.0,
      6.0
    ],
    "Q0": [
      1.0,
      0.0,
      0.0,
      0.0
    ],
    "VALUE": 5,
    "T_FINAL": 60,
    "FREC": 100,
    "T_PREDICTION": 0.3,
    "N_WAYPOINTS": 30,
    "S_MAX": 100.0,
    "VELOCITIES": [
      8,
      12,
      15
    ],
    "N_RUNS": 5,
    "SIGMA_P": 0.05,
    "SIGMA_Q": 0.05,
    "SEED": 42,
    "S_MAX_EXP2": 100.0,
    "T_FINAL_EXP2": 30
  },
  "weights": {
    "DQ-MPCC": {
      "DEFAULT_Q_PHI": [
        5.659433604743551,
        8.550858559029422,
        3.5537627952406767
      ],
      "DEFAULT_Q_EC": [
        3.493518991937462,
        3.509902168724596,
        1.575096085166475
      ],
      "DEFAULT_Q_EL": [
        11.799897405585453,
        2.384648931818594,
        0.8980432858007612
      ],
      "DEFAULT_U_MAT": [
        0.005737505019967762,
        187.99278772916122,
        247.60300245201924,
        69.06179492475974
      ],
      "DEFAULT_Q_OMEGA": [
        0.042735393441480446,
        0.04303726084240107,
        0.14912215937457013
      ],
      "DEFAULT_Q_S": 0.50371987689625,
      "DEFAULT_T_MAX": 98.10000000000001,
      "DEFAULT_T_MIN": 0.0,
      "DEFAULT_TAUX_MAX": 0.5,
      "DEFAULT_TAUY_MAX": 0.5,
      "DEFAULT_TAUZ_MAX": 0.5,
      "DEFAULT_VTHETA_MIN": 0.0,
      "DEFAULT_VTHETA_MAX": 15.0
    },
    "MPCC": {
      "DEFAULT_Q_EC": [
        1.4093957442618654,
        27.817042827694642,
        24.48548392738109
      ],
      "DEFAULT_Q_EL": [
        5.9582011063084055,
        23.795100612706815,
        4.161494597550919
      ],
      "DEFAULT_Q_Q": [
        0.1343138656640675,
        0.432728076186103,
        2.1883004979219733
      ],
      "DEFAULT_U_MAT": [
        0.0062397089263446425,
        247.4781149655814,
        271.0477082160289,
        420.10767213246106
      ],
      "DEFAULT_Q_OMEGA": [
        0.10042795453551734,
        0.08553884748528592,
        0.05216153572943215
      ],
      "DEFAULT_Q_S": 0.5004891759540515,
      "DEFAULT_T_MAX": 98.10000000000001,
      "DEFAULT_T_MIN": 0.0,
      "DEFAULT_TAUX_MAX": 0.5,
      "DEFAULT_TAUY_MAX": 0.5,
      "DEFAULT_TAUZ_MAX": 0.5,
      "DEFAULT_VTHETA_MIN": 0.0,
      "DEFAULT_VTHETA_MAX": 15.0
    }
  },
  "experiment1": {
    "dq": {
      "label": "DQ-MPCC",
      "t_lap": 8.91,
      "t_solver_mean": 5.401369698521264,
      "t_solver_max": 9.569406509399414,
      "t_solver_std": 0.4492510230152568,
      "s_max": 100.0,
      "N_steps": 891,
      "rmse_pos": 0.9716855870331884,
      "mean_pos_err": 0.7902586009271332,
      "max_pos_err": 3.019344001315822,
      "rmse_cont": 0.9006514463042354,
      "rmse_lag": 0.3646914481011595,
      "mean_cont": 0.7248548885334547,
      "mean_lag": 0.21625749812081596,
      "rmse_ori": 0.9901342448477738,
      "mean_ori_err": 0.8207119602205376,
      "max_ori_err": 1.9054251804642424,
      "mean_vtheta": 11.222251143103882,
      "effort": 1533878.2664652232,
      "theta_final": 99.99025768505568
    },
    "mpcc": {
      "label": "MPCC Baseline",
      "t_lap": 8.1,
      "t_solver_mean": 3.2252155704262817,
      "t_solver_max": 5.4225921630859375,
      "t_solver_std": 0.4265532530982818,
      "s_max": 100.0,
      "N_steps": 810,
      "rmse_pos": 0.6879562633428498,
      "mean_pos_err": 0.4303121940893998,
      "max_pos_err": 3.0000000740833714,
      "rmse_cont": 0.6119107333526042,
      "rmse_lag": 0.3144027268974214,
      "mean_cont": 0.3624479707104313,
      "mean_lag": 0.18758110583863744,
      "rmse_ori": 1.180511890512875,
      "mean_ori_err": 1.0998939559854517,
      "max_ori_err": 1.8344967456765646,
      "mean_vtheta": 12.344467591031863,
      "effort": 1094504.809505347,
      "theta_final": 99.99018748735801
    }
  },
  "experiment2": {
    "meta": {
      "N_runs": 5,
      "sigma_p": 0.05,
      "sigma_q": 0.05,
      "completion_ratio": 0.95,
      "s_max": 100.0,
      "velocities": [
        8,
        12,
        15
      ]
    },
    "dq": {
      "8": {
        "rmse_pos": {
          "median": 0.5384219698278839,
          "mean": 0.5393453296887154,
          "std": 0.002761749119764223,
          "p25": 0.5384073397249223,
          "p75": 0.5401254462982066,
          "min": 0.5356900698776621,
          "max": 0.5440818227149021,
          "n": 5
        },
        "rmse_ori": {
          "median": 0.8158760003898412,
          "mean": 0.8156854979197332,
          "std": 0.0007243928396489003,
          "p25": 0.8148781130027333,
          "p75": 0.8161579346601333,
          "min": 0.8148352418895851,
          "max": 0.8166801996563727,
          "n": 5
        },
        "t_lap": {
          "median": null,
          "mean": null,
          "std": null,
          "p25": null,
          "p75": null,
          "min": null,
          "max": null,
          "n": 0
        },
        "mean_vtheta": {
          "median": null,
          "mean": null,
          "std": null,
          "p25": null,
          "p75": null,
          "min": null,
          "max": null,
          "n": 0
        },
        "failures": 0
      },
      "12": {
        "rmse_pos": {
          "median": 0.6231212729259721,
          "mean": 0.6236231920193301,
          "std": 0.004016449724543559,
          "p25": 0.6223075700409139,
          "p75": 0.6244065574021918,
          "min": 0.6179142001589589,
          "max": 0.6303663595686136,
          "n": 5
        },
        "rmse_ori": {
          "median": 0.9666057699496355,
          "mean": 0.966561599273294,
          "std": 0.0011926105040098575,
          "p25": 0.9653515789401452,
          "p75": 0.9674570576348943,
          "min": 0.9651464566654724,
          "max": 0.9682471331763227,
          "n": 5
        },
        "t_lap": {
          "median": null,
          "mean": null,
          "std": null,
          "p25": null,
          "p75": null,
          "min": null,
          "max": null,
          "n": 0
        },
        "mean_vtheta": {
          "median": null,
          "mean": null,
          "std": null,
          "p25": null,
          "p75": null,
          "min": null,
          "max": null,
          "n": 0
        },
        "failures": 0
      },
      "15": {
        "rmse_pos": {
          "median": 0.7001191409544225,
          "mean": 0.6999123002862095,
          "std": 0.006214852381589111,
          "p25": 0.699514770173508,
          "p75": 0.7019775409534221,
          "min": 0.6893080978825478,
          "max": 0.7086419514671476,
          "n": 5
        },
        "rmse_ori": {
          "median": 1.0500481397307773,
          "mean": 1.0500020349787842,
          "std": 0.0011276102144464185,
          "p25": 1.0491061508505761,
          "p75": 1.0501825570315921,
          "min": 1.0487093577280555,
          "max": 1.0519639695529193,
          "n": 5
        },
        "t_lap": {
          "median": null,
          "mean": null,
          "std": null,
          "p25": null,
          "p75": null,
          "min": null,
          "max": null,
          "n": 0
        },
        "mean_vtheta": {
          "median": null,
          "mean": null,
          "std": null,
          "p25": null,
          "p75": null,
          "min": null,
          "max": null,
          "n": 0
        },
        "failures": 0
      }
    },
    "base": {
      "8": {
        "rmse_pos": {
          "median": 0.6726050654101545,
          "mean": 0.6740793787549281,
          "std": 0.009238871435228576,
          "p25": 0.6712328939737151,
          "p75": 0.6751370642477774,
          "min": 0.6613919790881666,
          "max": 0.6900298910548273,
          "n": 5
        },
        "rmse_ori": {
          "median": 0.7328747548196004,
          "mean": 0.732576583141961,
          "std": 0.0019658058119851394,
          "p25": 0.7320114478375338,
          "p75": 0.7343118605042187,
          "min": 0.7291198798509606,
          "max": 0.7345649726974907,
          "n": 5
        },