{
  "best_J_multi": 0.8626357040310667,
  "best_trial": 94,
  "weights": {
    "Q_ec": [
      40.56491390092386,
      35.90612355692913,
      33.69749185338008
    ],
    "Q_el": [
      4.0454151868781585,
      4.043154070608483,
      2.703780395344163
    ],
    "Q_q": [
      0.6182155788147207,
      0.7200382812382564,
      1.6122158476178334
    ],
    "U_mat": [
      0.049060327053234015,
      70.90237960036626,
      67.57078391107689,
      72.18351068023338
    ],
    "Q_omega": [
      0.019752542491779948,
      0.02133135734494607,
      0.0951416745970798
    ],
    "Q_s": 8.257962409913384
  },
  "flat_params": {
    "Q_ec0": 40.56491390092386,
    "Q_ec1": 35.90612355692913,
    "Q_ec2": 33.69749185338008,
    "Q_el0": 4.0454151868781585,
    "Q_el1": 4.043154070608483,
    "Q_el2": 2.703780395344163,
    "Q_q0": 0.6182155788147207,
    "Q_q1": 0.7200382812382564,
    "Q_q2": 1.6122158476178334,
    "U_mat0": 0.049060327053234015,
    "U_mat1": 70.90237960036626,
    "U_mat2": 67.57078391107689,
    "U_mat3": 72.18351068023338,
    "Q_omega0": 0.019752542491779948,
    "Q_omega1": 0.02133135734494607,
    "Q_omega2": 0.0951416745970798,
    "Q_s": 8.257962409913384
  },
  "objective_info": {
    "type": "MEAN over velocities of baseline-normalised contour/lag/effective-speed objective",
    "strategy": "local-refinement",
    "base_weights": {
      "Q_ec": [
        40,
        40,
        40
      ],
      "Q_el": [
        3,
        3,
        3
      ],
      "Q_q": [
        0.65,
        0.65,
        1.9
      ],
      "U_mat": [
        0.05,
        70,
        70,
        70
      ],
      "Q_omega": [
        0.02,
        0.02,
        0.1
      ],
      "Q_s": 11
    },
    "W_CONTOUR_LOCAL": 1.5,
    "W_LAG_LOCAL": 0.35,
    "W_EFF_SPEED": 0.8,
    "reference_by_velocity": {
      "5": {
        "rmse_contorno": 0.32317514144123266,
        "rmse_lag": 0.5198429683429553,
        "mean_vtheta": 4.326820720632222,
        "mean_vpath_ratio": 0.8555904001482852,
        "effective_speed": 3.7019862717356147
      },
      "10": {
        "rmse_contorno": 0.3760282560764481,
        "rmse_lag": 0.8153220380540225,
        "mean_vtheta": 5.139523292271532,
        "mean_vpath_ratio": 0.8702935460142303,
        "effective_speed": 4.472893950853723
      },
      "16": {
        "rmse_contorno": 0.3760282560832738,
        "rmse_lag": 0.8153220380691193,
        "mean_vtheta": 5.139523292273288,
        "mean_vpath_ratio": 0.8702935461290462,
        "effective_speed": 4.47289395144535
      }
    }
  },
  "comparison_vs_manual": {
    "manual": {
      "rmse_contorno": 0.37602825608288887,
      "rmse_lag": 0.8153220380679351,
      "rmse_attitude": 1.2432818932022989,
      "mean_vtheta": 5.139523292273193,
      "mean_vpath_ratio": 0.870293546120852,
      "effective_speed": 4.472893951403153,
      "path_completed": 0.9997946733260169,
      "solver_fail_ratio": 0.0
    },
    "refined": {
      "rmse_contorno": 0.3365722589435304,
      "rmse_lag": 0.47643557257602404,
      "rmse_attitude": 1.2204266447681114,
      "mean_vtheta": 4.738314993594924,
      "mean_vpath_ratio": 0.8396738766259833,
      "effective_speed": 3.9786393193468705,
      "path_completed": 0.9998092077770839,
      "solver_fail_ratio": 0.0
    },
    "improvement_percent": {
      "rmse_contorno": 10.492827733312973,
      "rmse_lag": 41.5647375722811,
      "rmse_attitude": 1.8382997901883427,
      "effective_speed": -11.049996655995697,
      "path_completed": 0.0014537435990407707
    }
  }
}