{
  "best_J": 33.4950129664197,
  "best_trial": 174,
  "weights": {
    "Q_ec": [
      10.325399404064143,
      1.967449140091883,
      5.7400008851246564
    ],
    "Q_el": [
      8.814857901361785,
      1.0818957494975143,
      5.621261031204072
    ],
    "Q_q": [
      0.4309578792552855,
      24.232335177693205,
      2.2001470485374357
    ],
    "U_mat": [
      0.010077511056321039,
      141.67570920514547,
      11.29734408461345,
      123.43503445736852
    ],
    "Q_omega": [
      0.04047298103089791,
      0.03110397337959138,
      1.6791078799542858
    ],
    "Q_s": 0.5335859592272283
  },
  "flat_params": {
    "Q_ecx": 10.325399404064143,
    "Q_ecy": 1.967449140091883,
    "Q_ecz": 5.7400008851246564,
    "Q_elx": 8.814857901361785,
    "Q_ely": 1.0818957494975143,
    "Q_elz": 5.621261031204072,
    "Q_qx": 0.4309578792552855,
    "Q_qy": 24.232335177693205,
    "Q_qz": 2.2001470485374357,
    "U_T": 0.010077511056321039,
    "U_tx": 141.67570920514547,
    "U_ty": 11.29734408461345,
    "U_tz": 123.43503445736852,
    "Q_wx": 0.04047298103089791,
    "Q_wy": 0.03110397337959138,
    "Q_wz": 1.6791078799542858,
    "Q_s": 0.5335859592272283
  },
  "user_attrs": {
    "mean_mpcc_cost": 33.4950129664197,
    "total_mpcc_cost": 20331.47287061676,
    "rmse_contorno": 0.255567801169081,
    "rmse_lag": 0.6453089823588737,
    "mean_effort": 822.334144149421,
    "path_completed": 0.9998959788709963,
    "wall_time": 1.5367624759674072
  },
  "objective_info": {
    "type": "mean_mpcc_cost + completion_penalty",
    "W_INCOMPLETE": 1000.0
  }
}