{
  "best_J": 32.71519124116031,
  "best_trial": 194,
  "weights": {
    "Q_ec": [
      13.57738255445416,
      1.8890124348260142,
      1.6715023759813776
    ],
    "Q_el": [
      12.6214175909978,
      28.348657413534657,
      1.1913008526216196
    ],
    "Q_q": [
      0.12810529227483344,
      0.13436063883116614,
      4.087587428847498
    ],
    "U_mat": [
      0.010021926260341494,
      87.89317517538485,
      11.75052384151524,
      113.50974128305475
    ],
    "Q_omega": [
      0.017449843366922332,
      0.03216712507119171,
      0.04936032393158435
    ],
    "Q_s": 0.5342721333724649
  },
  "flat_params": {
    "Q_ecx": 13.57738255445416,
    "Q_ecy": 1.8890124348260142,
    "Q_ecz": 1.6715023759813776,
    "Q_elx": 12.6214175909978,
    "Q_ely": 28.348657413534657,
    "Q_elz": 1.1913008526216196,
    "Q_qx": 0.12810529227483344,
    "Q_qy": 0.13436063883116614,
    "Q_qz": 4.087587428847498,
    "U_T": 0.010021926260341494,
    "U_tx": 87.89317517538485,
    "U_ty": 11.75052384151524,
    "U_tz": 113.50974128305475,
    "Q_wx": 0.017449843366922332,
    "Q_wy": 0.03216712507119171,
    "Q_wz": 0.04936032393158435,
    "Q_s": 0.5342721333724649
  },
  "user_attrs": {
    "mean_mpcc_cost": 32.71519124116031,
    "total_mpcc_cost": 18287.791903808615,
    "rmse_contorno": 0.31186622233698097,
    "rmse_lag": 0.17687316139746664,
    "mean_effort": 870.3239531320219,
    "path_completed": 0.9998520692868873,
    "wall_time": 1.5060358047485352
  },
  "objective_info": {
    "type": "mean_mpcc_cost + completion_penalty",
    "W_INCOMPLETE": 1000.0
  }
}