{
  "best_J_multi": 0.7130334203489213,
  "best_trial": 4,
  "weights": {
    "Q_ec": [
      13.962563737015762,
      24.42046084491142,
      20.978213384576815
    ],
    "Q_el": [
      5.782645901916579,
      21.787220464104283,
      0.718328433689
    ],
    "Q_q": [
      0.28246357083904894,
      0.12707770074499689,
      0.5605248221933016
    ],
    "U_mat": [
      0.09149156410950805,
      118.43743366810615,
      696.3103184019837,
      155.3692095901003
    ],
    "Q_omega": [
      0.04430357105538922,
      0.17732091590842106,
      0.021099437081941164
    ],
    "Q_s": 9.641346525108922
  },
  "flat_params": {
    "Q_ecx": 13.962563737015762,
    "Q_ecy": 24.42046084491142,
    "Q_ecz": 20.978213384576815,
    "Q_elx": 5.782645901916579,
    "Q_ely": 21.787220464104283,
    "Q_elz": 0.718328433689,
    "Q_qx": 0.28246357083904894,
    "Q_qy": 0.12707770074499689,
    "Q_qz": 0.5605248221933016,
    "U_T": 0.09149156410950805,
    "U_tx": 118.43743366810615,
    "U_ty": 696.3103184019837,
    "U_tz": 155.3692095901003,
    "Q_wx": 0.04430357105538922,
    "Q_wy": 0.17732091590842106,
    "Q_wz": 0.021099437081941164,
    "Q_s": 9.641346525108922
  },
  "user_attrs": {
    "J_multi": 0.7130334203489213,
    "J_v10": 0.7719428484062812,
    "J_v16": 0.8808418239192746,
    "J_v5": 0.4863155887212082,
    "path_v10": 0.9997931610828427,
    "path_v16": 0.9998161351111278,
    "path_v5": 0.9998155077115427,
    "rmse_c_v10": 0.2740913955854486,
    "rmse_c_v16": 0.2739765305841581,
    "rmse_c_v5": 0.2551237843805939,
    "vtheta_v10": 4.854867540725729,
    "vtheta_v16": 4.8500146168288865,
    "vtheta_v5": 4.3748739808886805,
    "wall_time": 8.317565202713013
  },
  "objective_info": {
    "type": "MEAN over velocities of contour-dominant local objective",
    "strategy": "multi-velocity",
    "TUNING_VELOCITIES": [
      5,
      10,
      16
    ],
    "W_INCOMPLETE": 1000.0,
    "W_FAIL": 500.0,
    "W_CONTOUR_LOCAL": 1.0,
    "W_LAG_LOCAL": 0.35,
    "W_ATT_LOCAL": 0.1,
    "W_VEL_SOFT": 0.6
  }
}