{
  "best_J_multi": 2.2461096244459338,
  "best_trial": 126,
  "weights": {
    "Q_ec": [
      29.54567336686437,
      29.54567336686437,
      29.54567336686437
    ],
    "Q_el": [
      4.706963228450769,
      4.706963228450769,
      4.706963228450769
    ],
    "Q_q": [
      0.27513158504604196,
      0.27513158504604196,
      0.27513158504604196
    ],
    "U_mat": [
      0.02334274503988243,
      215.66457659447042,
      215.66457659447042,
      215.66457659447042
    ],
    "Q_omega": [
      0.019059520185704348,
      0.019059520185704348,
      0.019059520185704348
    ],
    "Q_s": 1.4645513438991304
  },
  "scalar_params": {
    "alpha_ec": 29.54567336686437,
    "alpha_el": 4.706963228450769,
    "alpha_q": 0.27513158504604196,
    "U_T": 0.02334274503988243,
    "alpha_tau": 215.66457659447042,
    "alpha_w": 0.019059520185704348,
    "Q_s": 1.4645513438991304
  },
  "user_attrs": {
    "J_multi": 2.2461096244459338,
    "wall_time": 7.369563341140747,
    "J_v5": 1.5851430256665244,
    "path_v5": 0.999797653266751,
    "vtheta_v5": 3.921703296464676,
    "rmse_c_v5": 0.24404485598401057,
    "rmse_t_v5": 0.32918089380737797,
    "J_v10": 2.1804696639448395,
    "path_v10": 0.9998026788041074,
    "vtheta_v10": 6.577167607938102,
    "rmse_c_v10": 0.35937692528740145,
    "rmse_t_v10": 0.5510535003942183,
    "J_v16": 2.9727161837264373,
    "path_v16": 0.999796971359015,
    "vtheta_v16": 9.195454219604834,
    "rmse_c_v16": 0.5592045395655597,
    "rmse_t_v16": 0.7475957427788954
  },
  "objective_info": {
    "type": "W_CONTOUR*rmse_c + W_VEL*vel_gap + W_TIME*t_lap/T_ref + hard_penalties",
    "W_CONTOUR": 3.0,
    "W_VEL": 1.0,
    "W_TIME": 0.5,
    "W_INCOMPLETE": 1000.0,
    "W_FAIL": 500.0,
    "TUNING_VELOCITIES": [
      5,
      10,
      16
    ],
    "n_params": 7,
    "param_structure": "isotropic_per_block"
  }
}
