{
  "best_J_multi": 26.563701207407235,
  "best_trial": 72,
  "weights": {
    "Q_ec": [
      2.47220137447962,
      15.750550110651071,
      7.046900429183858
    ],
    "Q_el": [
      26.274437787982936,
      1.1801983185199527,
      9.57298911561463
    ],
    "Q_q": [
      1.8408700659728434,
      0.15598947994828974,
      0.8587471509503736
    ],
    "U_mat": [
      0.005709158662781295,
      509.2764861112503,
      20.126860981794955,
      56.06450068175934
    ],
    "Q_omega": [
      0.21031411120480611,
      0.020026600802999128,
      0.05139714009378118
    ],
    "Q_s": 0.5822657035750732
  },
  "flat_params": {
    "Q_ecx": 2.47220137447962,
    "Q_ecy": 15.750550110651071,
    "Q_ecz": 7.046900429183858,
    "Q_elx": 26.274437787982936,
    "Q_ely": 1.1801983185199527,
    "Q_elz": 9.57298911561463,
    "Q_qx": 1.8408700659728434,
    "Q_qy": 0.15598947994828974,
    "Q_qz": 0.8587471509503736,
    "U_T": 0.005709158662781295,
    "U_tx": 509.2764861112503,
    "U_ty": 20.126860981794955,
    "U_tz": 56.06450068175934,
    "Q_wx": 0.21031411120480611,
    "Q_wy": 0.020026600802999128,
    "Q_wz": 0.05139714009378118,
    "Q_s": 0.5822657035750732
  },
  "user_attrs": {
    "J_multi": 26.563701207407235,
    "wall_time": 7.192852735519409,
    "J_v5": 8.044957455899812,
    "path_v5": 0.9997775849424068,
    "vtheta_v5": 3.7479769428812477,
    "rmse_c_v5": 0.3923655098478003,
    "J_v10": 19.32582131706015,
    "path_v10": 0.9997637286728329,
    "vtheta_v10": 7.396171140359177,
    "rmse_c_v10": 0.31446274894033877,
    "J_v16": 52.32032484926174,
    "path_v16": 0.9997823614607565,
    "vtheta_v16": 11.094463476324046,
    "rmse_c_v16": 0.3197058115001621
  },
  "objective_info": {
    "type": "MEAN over velocities of (mpcc_cost + completion + time + vel + isotropy + contour)",
    "strategy": "multi-velocity",
    "TUNING_VELOCITIES": [
      5,
      10,
      16
    ],
    "W_INCOMPLETE": 1000.0,
    "W_TIME": 0.5,
    "W_VEL": 2.0,
    "W_ISOTROPY": 0.3,
    "W_CONTOUR": 3.0,
    "FREC": 100
  }
}