{
  "best_J": 14.183395362561626,
  "best_trial": 190,
  "weights": {
    "Q_ec": [
      6.987763276079946,
      12.483427553071525,
      4.552402058894924
    ],
    "Q_el": [
      14.899019287025707,
      4.7511129824282525,
      2.027624959271221
    ],
    "Q_q": [
      0.30280218100511647,
      1.4282299446517286,
      0.12693649845956462
    ],
    "U_mat": [
      0.006130360340890151,
      38.450733824566065,
      50.567885771308305,
      53.519310225828036
    ],
    "Q_omega": [
      0.36981754709544007,
      0.030361824010315144,
      0.011412749926150753
    ],
    "Q_s": 0.5004324767532669
  },
  "flat_params": {
    "Q_ecx": 6.987763276079946,
    "Q_ecy": 12.483427553071525,
    "Q_ecz": 4.552402058894924,
    "Q_elx": 14.899019287025707,
    "Q_ely": 4.7511129824282525,
    "Q_elz": 2.027624959271221,
    "Q_qx": 0.30280218100511647,
    "Q_qy": 1.4282299446517286,
    "Q_qz": 0.12693649845956462,
    "U_T": 0.006130360340890151,
    "U_tx": 38.450733824566065,
    "U_ty": 50.567885771308305,
    "U_tz": 53.519310225828036,
    "Q_wx": 0.36981754709544007,
    "Q_wy": 0.030361824010315144,
    "Q_wz": 0.011412749926150753,
    "Q_s": 0.5004324767532669
  },
  "user_attrs": {
    "mean_mpcc_cost": 12.340285901466345,
    "total_mpcc_cost": 6787.157245806489,
    "rmse_contorno": 0.22570324291610858,
    "rmse_lag": 0.1656585386755225,
    "mean_effort": 309.8438796379702,
    "path_completed": 0.9997844016654753,
    "mean_vtheta": 7.584594144912298,
    "t_lap": 5.5,
    "wall_time": 1.4825434684753418
  },
  "objective_info": {
    "type": "mean_mpcc_cost + completion_penalty + time_penalty + vel_penalty",
    "W_INCOMPLETE": 1000.0,
    "W_TIME": 0.5,
    "W_VEL": 2.0,
    "VTHETA_MAX": 10.0,
    "FREC": 100
  }
}