{
  "name": "s2_qrp0.90_qy1.00",
  "weights": {
    "Q_ec": [
      26.400000000000002,
      26.400000000000002,
      26.400000000000002
    ],
    "Q_el": [
      7.0,
      7.0,
      7.0
    ],
    "Q_q": [
      0.45,
      0.45,
      1.9
    ],
    "U_mat": [
      0.05,
      70,
      70,
      70
    ],
    "Q_omega": [
      0.02,
      0.02,
      0.1
    ],
    "Q_s": 13.225
  },
  "rmse_c": 0.4155055655429566,
  "rmse_l": 0.37444610735997114,
  "rmse_att": 0.7348939166523203,
  "mean_vtheta": 6.286365613988174,
  "mean_vpath_ratio": 0.7811998510329827,
  "effective_speed": 4.910907881186427,
  "path_completed": 0.9998219837962093,
  "score": 0.3617898559473565
}