{
  "controller": "MPCC",
  "strategy": "multi-velocity",
  "tuning_velocities": [
    5,
    10,
    16
  ],
  "n_trials": 20,
  "sampler": "tpe",
  "objective_info": {
    "type": "MEAN over velocities of contour-dominant local objective",
    "W_INCOMPLETE": 1000.0,
    "W_FAIL": 500.0,
    "W_CONTOUR_LOCAL": 1.0,
    "W_LAG_LOCAL": 0.35,
    "W_ATT_LOCAL": 0.1,
    "W_VEL_SOFT": 0.6,
    "TUNING_VELOCITIES": [
      5,
      10,
      16
    ]
  },
  "trials": [
    {
      "trial": 0,
      "J_multi": 0.81512947197418,
      "best_J_so_far": 0.81512947197418,
      "wall_time": 6.887281656265259,
      "J_v5": 0.5217692015479491,
      "path_v5": 0.9998202561029731,
      "vtheta_v5": 4.569152433870174,
      "rmse_c_v5": 0.30374637961140766,
      "J_v10": 0.8875366730617867,
      "path_v10": 0.9998268148654031,
      "vtheta_v10": 6.602038586505142,
      "rmse_c_v10": 0.4209993260811575,
      "J_v16": 1.0360825413128039,
      "path_v16": 0.9998268148647667,
      "vtheta_v16": 6.602038586501117,
      "rmse_c_v16": 0.42099932613778884
    },
    {
      "trial": 1,
      "J_multi": 973.531003233962,
      "best_J_so_far": 0.81512947197418,
      "wall_time": 25.23386812210083,
      "J_v5": 973.5303411999085,
      "path_v5": 0.02792596301485021,
      "vtheta_v5": 0.013747267619111797,
      "rmse_c_v5": 0.711940545483205,
      "J_v10": 973.5311786353072,
      "path_v10": 0.027925950429572466,
      "vtheta_v10": 0.013747247164895405,
      "rmse_c_v10": 0.7119405446379433,
      "J_v16": 973.5314898666702,
      "path_v16": 0.027925948511821525,
      "vtheta_v16": 0.013747244048050661,
      "rmse_c_v16": 0.7119405445821723
    },
    {
      "trial": 2,
      "J_multi": 1.6711356688002914,
      "best_J_so_far": 0.81512947197418,
      "wall_time": 9.447813034057617,
      "J_v5": 1.2086683954345114,
      "path_v5": 0.9998155877801186,
      "vtheta_v5": 4.119781465212779,
      "rmse_c_v5": 0.5163168674659216,
      "J_v10": 1.8557992182615157,
      "path_v10": 0.9998105167590253,
      "vtheta_v10": 4.174270529542645,
      "rmse_c_v10": 0.7201876114474096,
      "J_v16": 1.9489393927048475,
      "path_v16": 0.9998092153688314,
      "vtheta_v16": 4.174264740490319,
      "rmse_c_v16": 0.719833717615232
    },
    {
      "trial": 3,
      "J_multi": 731.5031679825262,
      "best_J_so_far": 0.81512947197418,
      "wall_time": 24.126962184906006,
      "J_v5": 731.4770970551442,
      "path_v5": 0.27674376215930696,
      "vtheta_v5": 0.4181363905760293,
      "rmse_c_v5": 7.401066958748498,
      "J_v10": 731.5114995006351,
      "path_v10": 0.2767385097566056,
      "vtheta_v10": 0.4181278541508666,
      "rmse_c_v10": 7.403235263697054,
      "J_v16": 731.5209073917995,
      "path_v16": 0.27673850974229214,
      "vtheta_v16": 0.41812785412760345,
      "rmse_c_v16": 7.403235263827577
    },
    {
      "trial": 4,
      "J_multi": 0.7130334203489213,
      "best_J_so_far": 0.7130334203489213,
      "wall_time": 8.317565202713013,
      "J_v5": 0.4863155887212082,
      "path_v5": 0.9998155077115427,
      "vtheta_v5": 4.3748739808886805,
      "rmse_c_v5": 0.2551237843805939,
      "J_v10": 0.7719428484062812,
      "path_v10": 0.9997931610828427,
      "vtheta_v10": 4.854867540725729,
      "rmse_c_v10": 0.2740913955854486,
      "J_v16": 0.8808418239192746,
      "path_v16": 0.9998161351111278,
      "vtheta_v16": 4.8500146168288865,
      "rmse_c_v16": 0.2739765305841581
    },
    {
      "trial": 5,
      "J_multi": 180.1072108942269,
      "best_J_so_far": 0.7130334203489213,
      "wall_time": 24.13834238052368,
      "J_v5": 180.04563026950152,
      "path_v5": 0.8210230287146754,
      "vtheta_v5": 1.3024863058680578,
      "rmse_c_v5": 0.33745215421842506,
      "J_v10": 180.12356396191356,
      "path_v10": 0.8210232453261517,
      "vtheta_v10": 1.3024866533612525,
      "rmse_c_v10": 0.33745229111439784,
      "J_v16": 180.15243845126568,
      "path_v16": 0.8210236790563079,
      "vtheta_v16": 1.3024873491616829,
      "rmse_c_v16": 0.33745256529927026
    },
    {
      "trial": 6,
      "J_multi": 385.11527834006824,
      "best_J_so_far": 0.7130334203489213,
      "wall_time": 24.87706184387207,
      "J_v5": 385.06347333746805,
      "path_v5": 0.6170954002396121,
      "vtheta_v5": 0.9711641332590828,
      "rmse_c_v5": 1.4672522647931021,
      "J_v10": 385.1302547878041,
      "path_v10": 0.6170886726730677,
      "vtheta_v10": 0.971153056459818,
      "rmse_c_v10": 1.467939291584925,
      "J_v16": 385.15210689493256,
      "path_v16": 0.6170886715137861,
      "vtheta_v16": 0.9711530545945337,
      "rmse_c_v16": 1.4679392993771094
    },
    {
      "trial": 7,
      "J_multi": 36.942692156742005,
      "best_J_so_far": 0.7130334203489213,
      "wall_time": 17.92273449897766,
      "J_v5": 73.66688761880431,
      "path_v5": 0.9998019181549209,
      "vtheta_v5": 1.6574059175147005,
      "rmse_c_v5": 45.05218473383742,
      "J_v10": 28.336787960850724,
      "path_v10": 0.9998115773739089,
      "vtheta_v10": 3.0035474146534917,
      "rmse_c_v10": 20.43387944803286,
      "J_v16": 8.824400890570981,
      "path_v16": 0.9998191041245762,
      "vtheta_v16": 3.981185468998578,
      "rmse_c_v16": 5.461749279150496
    },
    {
      "trial": 8,
      "J_multi": 523.4293866126358,
      "best_J_so_far": 0.7130334203489213,
      "wall_time": 24.14987349510193,
      "J_v5": 523.3940309174657,
      "path_v5": 0.47751275837940904,
      "vtheta_v5": 0.7443288178819029,
      "rmse_c_v5": 0.24839939798448232,
      "J_v10": 523.4386907608477,
      "path_v10": 0.47751275826518724,
      "vtheta_v10": 0.7443288176968806,
      "rmse_c_v10": 0.24839939796830565,
      "J_v16": 523.4554381595939,
      "path_v16": 0.47751275826483847,
      "vtheta_v16": 0.7443288176963163,
      "rmse_c_v16": 0.2483993979681529
    },
    {
      "trial": 9,
      "J_multi": 0.9185550971577151,
      "best_J_so_far": 0.7130334203489213,
      "wall_time": 21.176796674728394,
      "J_v5": 0.8414680833243429,
      "path_v5": 0.9998259509002008,
      "vtheta_v5": 2.094543837833585,
      "rmse_c_v5": 0.38602372502834775,
      "J_v10": 0.9325351730875324,
      "path_v10": 0.9998211338607536,
      "vtheta_v10": 2.183413490066236,
      "rmse_c_v10": 0.35655839312625615,
      "J_v16": 0.98166203506127,
      "path_v16": 0.9998211573793936,
      "vtheta_v16": 2.1834135459931936,
      "rmse_c_v16": 0.35655837916625266
    },
    {
      "trial": 10,
      "J_multi": 617.0194385131307,
      "best_J_so_far": 0.7130334203489213,
      "wall_time": 28.58639669418335,
      "J_v5": 616.6468209307759,
      "path_v5": 0.3884274337526303,
      "vtheta_v5": 0.5993492710581393,
      "rmse_c_v5": 4.092622517113506,
      "J_v10": 617.1990148092226,
      "path_v10": 0.38790906564491584,
      "vtheta_v10": 0.5984842673875049,
      "rmse_c_v10": 4.090920612095052,
      "J_v16": 617.2124797993936,
      "path_v16": 0.3879090665635738,
      "vtheta_v16": 0.5984842689073188,
      "rmse_c_v16": 4.090920623225272
    },
    {
      "trial": 11,
      "J_multi": 0.7693682526166015,
      "best_J_so_far": 0.7130334203489213,
      "wall_time": 12.023030757904053,
      "J_v5": 0.5878166499547126,
      "path_v5": 0.9998238595281878,
      "vtheta_v5": 3.7420254902907732,
      "rmse_c_v5": 0.23671323478173326,
      "J_v10": 0.8169187447197368,
      "path_v10": 0.9998218546595218,
      "vtheta_v10": 3.8422497096234984,
      "rmse_c_v10": 0.2384533618068669,
      "J_v16": 0.9033693631753551,
      "path_v16": 0.9998218546568851,
      "vtheta_v16": 3.8422497096137938,
      "rmse_c_v16": 0.2384533618071051
    },
    {
      "trial": 12,
      "J_multi": 1.01310960732543,
      "best_J_so_far": 0.7130334203489213,
      "wall_time": 17.896296739578247,
      "J_v5": 0.8881941907886294,
      "path_v5": 0.999804501033863,
      "vtheta_v5": 2.578199064257762,
      "rmse_c_v5": 0.43129815039029745,