{
  "best_J_multi": 237.398986006728,
  "best_trial": 149,
  "weights": {
    "Q_ec": [
      21.85580056256094,
      17.813767399692967,
      274.37361520466055
    ],
    "Q_el": [
      183.17397384681195,
      80.9436746714794,
      78.0862549670832
    ],
    "Q_q": [
      0.10976784589628846,
      0.10754075088677592,
      0.9804324408870685
    ],
    "U_mat": [
      0.15266200900271537,
      0.20681449138135174,
      0.2664526664190134,
      0.4855109861396445
    ],
    "Q_s": 1.853716595168155
  },
  "flat_params": {
    "Q_ecx": 21.85580056256094,
    "Q_ecy": 17.813767399692967,
    "Q_ecz": 274.37361520466055,
    "Q_elx": 183.17397384681195,
    "Q_ely": 80.9436746714794,
    "Q_elz": 78.0862549670832,
    "Q_qx": 0.10976784589628846,
    "Q_qy": 0.10754075088677592,
    "Q_qz": 0.9804324408870685,
    "U_T": 0.15266200900271537,
    "U_wx": 0.20681449138135174,
    "U_wy": 0.2664526664190134,
    "U_wz": 0.4855109861396445,
    "Q_s": 1.853716595168155
  },
  "user_attrs": {
    "J_multi": 237.398986006728,
    "wall_time": 8.556498527526855,
    "J_v15.0": 237.398986006728,
    "path_v15.0": 1.0023673872858312,
    "vtheta_v15.0": 8.678505517626244,
    "rmse_c_v15.0": 0.426599880123321
  },
  "objective_info": {
    "type": "MEAN over velocities of (mpcc_cost + penalties)",
    "strategy": "multi-velocity",
    "TUNING_VELOCITIES": [
      15.0
    ],
    "W_INCOMPLETE": 150.0,
    "W_TIME": 20.0,
    "W_VEL": 30.0,
    "W_ISOTROPY": 0.5,
    "W_CONTOUR": 5.0,
    "FREC": 100
  }
}